country,CRI_Rank,CRI_Score,Fatalities_Per_100K,Total_Fatalities,Losses_Per_GDP_Pct,Economic_Loss_USD_Mn_PPP
Singapore,135,124.50,0.00,0.00,0.00,0.00
Bahrain,135,124.50,0.00,0.00,0.00,0.00
Tunisia,135,124.50,0.00,0.00,0.00,0.00
Slovenia,135,124.50,0.00,0.00,0.00,0.00
Tonga,135,124.50,0.00,0.00,0.00,0.00
Mauritania,135,124.50,0.00,0.00,0.00,0.00
Azerbaijan,135,124.50,0.00,0.00,0.00,0.00
Venezuela,135,124.50,0.00,0.00,0.00,0.00
Suriname,135,124.50,0.00,0.00,0.00,0.00
Guyana,135,124.50,0.00,0.00,0.00,0.00
